{
    "val": {
        "loss": 0.0762190967798233,
        "acc": 0.9778000116348267,
        "acc_best": 0.9801999926567078
    },
    "epoch": 9,
    "step": 4299,
    "train": {
        "loss": 0.02159125544130802,
        "acc": 0.9923454523086548
    }
}
